<?xml version='1.0' encoding='UTF-8'?>
<?compositeArtifactRepository version='1.0.0'?>
<repository name='m2eclipse-wtp updates' type='org.eclipse.equinox.internal.p2.artifact.repository.CompositeArtifactRepository' version='1.0.0'>
<properties size='2'>
<property name='p2.compressed' value='true'/>
<property name='p2.timestamp' value='1357767201000'/>
</properties>
<children size='3'>
<child location='http://download.jboss.org/jbosstools/updates/m2e-extensions/m2eclipse-wtp/'/>
<child location='http://download.jboss.org/jbosstools/updates/m2e-extensions/m2e-mavenarchiver/'/>
<child location='http://download.eclipse.org/technology/m2e/releases/'/>
</children>
</repository>

